id,title,forename,surname,address1,address2,address3,town,county,postcode
3579,Miss,Shirley,Watson ,17 Abbotshall Avenue ,Drumchapel,,,,G158at
3585,Mrs,John,Dido ,200 Dunrobin Street ,,,Stoke-On-Trent,Staffordshire,St34na
3586,Mr,Matt,Car ,26 Lavender Road ,,,King's Lynn,Norfolk,Pe304ha
3595,Miss,Lisa,Maxwell ,8 Walkerburn Drive ,,,Wishaw,Lanarkshire,Ml28ry
3599,Mr,Matt,Matyla ,123 Rochdale Old Road,,,Bury,Lancashire,Bl97lu
3609,Miss,Reham,Gany ,180 Gloucester Terrace ,,,,London,W26ht
3853,Mrs,Alice,Buyoya,20 Haslewood Place,,,LEEDS,West Yorkshire,LS97PJ
4029,Mr,Anthony,Hulls,1 White Barns,,Ford End,CHELMSFORD,Essex,CM31LT
4070,Miss,Annie,Hovey,5 Regents Close,,Collingham,NEWARK,Nottinghamshire,NG237QR
4071,Miss,Sharon,Hovey,5 Regents Close,,Collingham,NEWARK,Nottinghamshire,NG237QR
4074,Mr,Selina,Mohammed Darchezter,91 Greenland Court,.,.,SHEFFIELD,South Yorkshire,S95GD
4076,Mr,Tracey,Darchezter,91 Greenland Court,.,.,SHEFFIELD,South Yorkshire,S95GD
4078,Miss,Claire,Donald,11 Normanhurst Avenue,,,BEXLEYHEATH,Kent,DA74TT
4081,Ms,Polly,Graham,27 Richmond Crescent,,Vicars Cross,CHESTER,Cheshire,CH35PA
4082,Mr,Gary,Mc Ateer,10 Claragh Hill Grange,,Kilrea,COLERAINE,County Londonderry,BT515YS
4103,Mr,Mervin,Persaud,168 The Avenue,,,LONDON,,N176JL
4107,Mr,Jade,Calagarhry,67 Salcombe Gardens,,,LONDON,,NW72NX
4116,Mr,Femi,Samuel,19 London Road,,,PURFLEET,Essex,RM191PS
4128,Mr,Sarah,Walker,121a Croftfoot Drive,,Fauldhouse,BATHGATE,West Lothian,EH479EH
4129,Mrs,Jackie,Walker,23 Croftfoot Drive,,Fauldhouse,BATHGATE,West Lothian,EH479EH
4143,Ms,Debbie,Tobyn,51 Manning Road,,,DAGENHAM,Essex,RM109QU
4148,Miss,Kirsty,Mcilwraith,116 Caledonia Road,,,AYR,Ayrshire,KA73HR
4154,Mr,Raymond,Fellows,127 West Gate,,,HECKMOND WHIKE,West Yorkshire,WF160EW
4155,Mr,Desmond,Cullen,26 Mandeville Street,,,LONDON,,E50BP
4156,Mr,Patrick,Mcgrath,82 Corgary Road,,,CASTLEDERG,County Tyrone,BT817YF
4157,Mr,Aurelijus,Grusas,Flat 6 Bridge Road,,,EAST MOLESEY,Surrey,KT89HS
4162,Miss,Carly,Wilson,Flat 78 46 Palmers Road,,,UN,,E20TB
4163,Mr,Milad,Sadighi,18 Jevington Gardens,,,EASTBOURNE,East Sussex,BN214HN
4164,Mr,John,Todd,17 Huntersfield Road,,,JOHNSTONE,Renfrewshire,PA58PP
4171,Miss,Harriet,Nkuruziza,38 Guild Croft,,,BIRMINGHAM,West Midlands,B192NU
4180,Mr,Michael,Geddes,11 Byrness Row,,,CRAMLINGTON,Northumberland,NE232SL
4182,Mr,Simon,Wren,68 Bartholomew Road,,,OXFORD,Oxfordshire,OX43QJ
4183,Mr,John,Mcardle,3 Athboy Meadows,,Blackwatertown,DUNGANNON,County Tyrone,BT717HE
4190,Miss,Kirsty,Zealand,17 West Road,,Haconby,BOURNE,Lincolnshire,PE100UZ
4195,Mr,Ian,Daily,14 Cowper Road,,Woodthorpe,NOTTINGHAM,Nottinghamshire,NG54FZ
4199,Mr,Alireza,Shejarchi,25 Chiltern Rise,,,PETERBOROUGH,Cambridgeshire,PE47TB
4201,Ms,Kulsoon,Ikhgar,6 Walford Street,,Tividale,OLDBURY,West Midlands,B692LB
4203,Miss,Natalie,Stewart,7 Dyke Brow,,Harthill,SHOTTS,Lanarkshire,ML75QR
4208,Miss,Nadine,Richards,9 Albany Road,,,LONDON,,E107EJ
4213,Mr,Dominic,Johnson,21 Cumbrian Way,,,HIGH WYCOMBE,Buckinghamshire,HP135RY
4217,Mr,Adam,Franklin,5 .,,,LONDON,,WS52.
4219,Mr,Koloman,Gazi,10 Hilton Road,,,SHIPLEY,West Yorkshire,BD182AN
4223,Mrs,Paula,Quinn,217 Tinshill Road,,,LEEDS,West Yorkshire,LS167BU
4232,Ms,Tia,Nokes,30 Hope Park,,,BROMLEY,Kent,BR13RQ
4238,Mr,Umit Orkun,Sehin,57 Brookland Terrace,,,NORTH SHIELDS,Tyne And Wear,NE298DS
4239,Mrs,Samantha,Stitt-sehin,57 Brookland Terrace,,,NORTH SHIELDS,Tyne And Wear,NE298DS
4242,Mr,Lee,Flukes,24 St James Avenue,,,ROWLEY REGIS,West Midlands,B658AH
4244,Mr,Timothy,Marr,194 Mill Road,,,KETTERING,Northamptonshire,NN160RL
4261,Mr,Graham,Mckenzie,5 Roesia Close,,Belton,LOUGHBOROUGH,Leicestershire,LE129XT
4262,Mr,Luke,Read,2 Fryatt Road,,,LONDON,,N177BH
4263,Miss,Sophie,Carpenter,2 Fryatt Road,,,LONDON,,N177BH
4264,Mrs,Marilyn,Carpenter,2 Fryatt Road,,,LONDON,,N177BH
4265,Mr,Jace,Smith,1 Charlestown Road,,,MANCHESTER,Lancashire,M97DE
4269,Mr,Jonathan,Allflat,53 Pingles Road,,North Wootton,KING'S LYNN,Norfolk,PE303RW
4270,Miss,Cherie,Figueoa,Kronw F,,Ampney Crucis,CIRENCESTER,Gloucestershire,GL75SA
4284,Miss,Shanicka,Smith,58 Crossfield Road,,,BIRMINGHAM,West Midlands,B339QG
4288,Mr,Janet,Cauuthorne,17a Hoyland Road,,Hoyland,BARNSLEY,South Yorkshire,S740LT
4290,Mr,Niall,Cain,1 Bossington Road,,Adisham,CANTERBURY,Kent,CT33LL
4291,Mr,Suzanne,Cain,1 Bossington Road,,Adisham,CANTERBURY,Kent,CT33LL
4296,Mr,Dacer,Astrid,13 Alexandra Road,,Mutley,PLYMOUTH,Devon,PL47JT
4299,Miss,Sanya,Ashfaq,189a Wilmington Gardens,,,BARKING,Essex,IG119TT
4300,Miss,Shareen,Hussian,189a Wilmington Gardens,,,BARKING,Essex,IG119TT
4302,Miss,Siane,Ashfaq,189a Wilmington Gardens,,,BARKING,Essex,IG119TT
4307,Miss,Claire,Warman,38 Fairfield Street,,,LONDON,,SW181DX
4328,Mr,Roy,Garner,176 Scotland Green Road,,,ENFIELD,Middlesex,EN37AT
4331,Mr,Zack,Tivery,25 Bryantwood Road,,,LONDON,,N77BG
4338,Ms,Rebecca,Smith,10c Drakefell Road,,,LONDON,,SE145SN
4339,Mr,John,Teah,87 St Anthonys Road,,,NEWCASTLE UPON TYNE,Tyne And Wear,NE62NE
4341,Mr,Stuart,Dalvey,148 Jenkin Road,,,SHEFFIELD,South Yorkshire,S91AW
4346,Mr,Ian,Walsh,19 Sark Close,,,CARLISLE,Cumbria,CA30DX
4349,Mr,Kieran,Griffiths,8 Main Road,,Ffynnongroyw,HOLYWELL,Clwyd,CH89TD
4351,Ms,Kathlene,Mccorb,16a Potterdyke Avenue,,Rawmarsh,ROTHERHAM,South Yorkshire,S627RE
4360,Mr,Nigel,Langdon,43 New North Road,,,REIGATE,Surrey,RH28LZ
4377,Mr,Lloyd,Roberts,8 Disraeli Road,,,LONDON,,E79JP
4380,Mr,Juan,Howos,64 Miles Drive,,,LONDON,,SE280JA
4381,Miss,Cladia,Rodrives,64 Miles Drive,,,LONDON,,SE280JA
4392,Mr,Ashley,Smith,16 Wordsworth Close,,,BASINGSTOKE,Hampshire,RG249DF
4394,Miss,Hima,Joshi,69 Nightingales,,,BISHOP'S STORTFORD,Hertfordshire,CM235JQ
4404,Miss,Alena,Ian,. .,.,.,.,.,.
4405,Mr,,Sultan,. .,.,.,.,.,.
4411,Mr,Kapil,Pitwa,. .,.,.,.,.,.
4415,Mrs,Gurdev,Bassi,. .,.,.,.,.,.
4419,Mrs,Darrell,Tuitt,. .,.,.,.,.,.
4428,Miss,Yasmeen,Hussain,. .,.,.,.,.,.
4440,Mr,D,Harper,7 Grangefield Terrace,,New Rossington,DONCASTER,South Yorkshire,DN110LT
4458,Mr,Oliver,Uzoaru,109 Paulet Road,,,LONDON,,SE59HW
4465,Mr,Brij,Bhatia,63 Wellington Road,,,WOLVERHAMTON,,WV146AQ
4467,Mr,Sakanda,Aziz,49 Violet Street,,,DERBY,Derbyshire,DE238SP
4468,Mr,Meryem,Karga,1 Lambourne Grove,,,LONDON,,SE162RR
4470,Miss,Laiton,Sharpe,1 Lambourne Grove,,,LONDON,,SE162RR
4471,Mrs,Lilly-may,Merryfeild,10 Rose Bank Close,,Hollingworth,HYDE,Cheshire,SK148LG
4472,Mr,Leanne,Donally,10 Rose Bank Close,,Hollingworth,HYDE,Cheshire,SK148LG
4500,Mr,Sue,Smart,34 Windermere Road ,Beeston,,Nottingham,Nottinghamshire,Ng93as
4503,Mr,Paul,Wright,51 Palgrove Road ,,,Sunderland,Tyne And Wear,Sr48dx
4506,Mr,Sinbad,Johnson,35 Valley Road ,,,Taunton,Somerset,Ta12dq
4511,Mr,Karl,Roadnight,13 Wroots Avenue ,,,Goole,North Humberside,Dn145ud
4512,Mrs,Wendy,Venn,28 Market Street ,Disley ,,Stockport ,Cheshire,Sk12 2Aa
4513,Mr,Nick,Brown,36 Woodlands Avenue ,Houghton Regis,,Dunstable,Bedfordshire,Lu55lj
4514,Mr,Danny,Bell,1079 High Rd ,,,Romford,,Rm6 4Au
4516,Miss,Ava,Winchester,21 Lindean Place ,,,Cramlington,Northumberland,Ne238eg
4517,Ms,Lucy,Mckerrow,22 Buckingham Street ,,,Oxford,,Ox14lh
4524,Mr,Jones,Smith,42 Mytholm Close ,,,Hebden Bridge,West Yorkshire,Hx76ar
4526,Miss,Sallie,Pierce,42 Huddersfield Road ,,,Liversedge ,West Yorkshire,Wf159nx
4531,Mr,John,Freda,16 Tolney Lane ,,,Newark,Nottinghamshire,Ng241da
4536,Mr,S,Lidgate,18 Hartington Close ,Thornaby,,Stockton-On-Tees,Cleveland,Ts176ph
4542,Mrs,Caren,Beaumont,4 Mortimer Terrace ,Batley,,,,Wf17 8By
4544,Mr,Richard,Smallsausage,9 Elm Street ,,,,,Bb9 0Rq
4557,Mr,Jonny,Dabbs,5 Snow Hill ,,,Stoke-On-Trent,Staffordshire,St14na
4560,Mrs,Vicki,Wilkie,59 Cloverfield Gardens ,Bucksburn,,Aberdeen,Aberdeenshire,Ab219bd
4566,Miss,Kim,Anderson,3 Sprignall  ,Bretton,,Peterborough,Cambridgeshire,Pe39yq
4570,Mr,Jamie,Kitten,6 Greendock Street ,,,Stoke-On-Trent,Staffordshire,St32na
4579,Miss,Becky,Robertson,6 Fairview Gardens ,,,Richmond,North Yorkshire,Dl104np
4581,Mrs,Georgina,Lees,13 Bretton Road ,Darton,,Barnsley,South Yorkshire,S755jz
4584,Mr,Joe,Harris,42 Romsey Road ,,,Stockton-On-Tees,Cleveland,Ts199df
4590,Mr,Damien,Kavanagh,38 Links Avenue ,,,Cromer,Norfolk,Nr270eh
4592,Miss,Tracy,Wallace,108 Longland Road ,Donemna,,Strabane,Co.Tyrone,Bt820pn
4597,Miss,Jacqueline,Dunlop,144 Caledonia Road ,,,,Ayrshire,Ka73hr
4602,Mr,Jimmey,Cavety,46 Moor Crescent ,,,Newcastle Upon Tyne,Tyne And Wear,Ne34aq
4604,Mrs,Lynsey,Hawkeswood,23 Harrison Close ,,,Warrington,,Wa1 3Gh
4609,Miss,Chanelle,Caldecourt,5 Ravensbourne Road ,,,Crayford ,Kent,Da1 4Pr
4618,Miss,Debbie,Pitman,92 Windermere Avenue ,,,Southampton,Hampshire,So169fy
4626,Miss,Gemma,Miller,131 Buckley Veiw ,,,Smallbridge,,Ol129dz
4627,Mrs,Janet,Billingsworth,27 Ramsey Street ,,,Bradford,West Yorkshire,Bd57np
4635,Mr,Bill,Jones,5 Victoria Road ,Berryhill Trading Estate,,Stoke-On-Trent,Staffordshire,St42na
4640,Mr,Mark,Herron,58 Tower Hill ,,,Kings Langley,Hertfordshire,Wd49lh
4644,Mrs,Jacqui,Mansell,75 Fitch Drive ,,,Brighton,East Sussex,Bn24hx
4649,Miss,Jade,Shaw,62 Heath Avenue ,,,Salford,Lancashire,M71wj
4653,Mr,Paul,Amos,23 Priestley Avenue ,Stretton,,Alfreton,Derbyshire,De556fx
4654,Miss,Amanda,Barrett,125 Rye Avenue ,,,Norwich,Norfolk,Nr32sq
4656,Mrs,Ruth,Hughes,14 Haydn Terrace ,,,Merthyr Tydfil,Mid Glamorgan,Cf479ux
4662,Miss,Paula,Nanson,24 Duke Street North,,,,,Sr6 9Rd
4664,Mrs,Richard,Kay,14 Kemble Enterprise Park,Kemble,,Cirencester,Gloucestershire,Gl76fb
4666,Mr,Tony,Mcsweeney,78 Gordon Hse ,Glamis Rd ,,,London ,E1w 3Ed
4667,Mr,Dan,Blackwell,1 Hallingbury Road ,,,Bishop's Stortford,Hertfordshire,Cm235jy
4678,Mr,Mathew,Gregson, Britannia Road ,,,,,
4684,Mr,Scott,Harrison,107 Farm Avenue ,,,Swanley,Kent,Br87hz
4694,Miss,Shelly,Serner,90 Victoria Street ,,,Nottingham,Nottinghamshire,Ng12ew
4699,Mr,Lol,Skeen,11 Midhope Street ,,,,London,Wc1h8hj
4702,Miss,Diane,Watkins,1 Oxford Road ,Atherton,,Manchester,Lancashire,M469qd
